country,city,district,year,avg_temp_max,avg_temp_min,total_precip,max_wind,heatwave_days,flood_days,storm_days,extreme_days
Afghanistan,Herat,Herat,2022,25.004383561643838,12.857534246575343,77.8,55.2,32,0,0,32
Afghanistan,Herat,Herat,2023,25.12109589041096,13.113150684931508,83.2,55.2,31,0,0,31
Afghanistan,Jalalabad,Jalalabad,2022,27.023287671232875,14.997534246575343,63.4,33.4,52,0,0,52
Afghanistan,Jalalabad,Jalalabad,2023,27.106575342465753,14.926301369863015,90.0,36.9,51,0,0,51
Afghanistan,Kabul,Kabul,2022,21.984383561643835,10.09123287671233,101.3,38.5,10,0,0,10
Afghanistan,Kabul,Kabul,2023,22.087671232876712,10.164657534246576,105.2,37.6,15,0,0,15
Afghanistan,Kandahar,Kandahar,2022,27.85260273972603,15.678082191780822,53.1,49.1,61,0,0,61
Afghanistan,Kandahar,Kandahar,2023,28.164931506849317,16.18986301369863,73.1,53.3,72,0,0,72
China,Hotan,Hotan,2022,22.017260273972603,9.932328767123288,10.6,40.5,39,0,0,39
China,Hotan,Hotan,2023,22.36958904109589,10.37013698630137,13.8,38.0,34,0,0,34
China,Kashgar,Kashgar,2022,19.987123287671235,8.088493150684933,27.1,43.3,22,0,0,22
China,Kashgar,Kashgar,2023,19.775890410958905,7.673972602739726,24.5,43.4,20,0,0,20
China,Urumqi,Urumqi,2022,13.933424657534246,1.9400000000000002,67.9,49.0,1,0,0,1
China,Urumqi,Urumqi,2023,14.154520547945204,2.121095890410959,60.1,47.4,3,0,0,3
India,Amritsar,Amritsar,2022,31.29534246575342,19.1572602739726,447.6,31.7,83,0,0,83
India,Amritsar,Amritsar,2023,30.938356164383563,19.02794520547945,396.0,29.7,77,0,0,77
India,Jaipur,Jaipur,2022,34.823013698630135,22.888219178082196,385.5,45.8,132,0,0,132
India,Jaipur,Jaipur,2023,34.754246575342464,22.603561643835615,407.0,50.4,140,0,0,140
India,Mumbai,Mumbai,2022,32.06,19.96191780821918,1132.4,55.7,100,3,0,103
India,Mumbai,Mumbai,2023,32.043287671232875,19.91835616438356,1402.4,52.5,93,4,0,97
India,New Delhi,New Delhi,2022,33.15287671232876,21.304383561643835,475.4,38.0,105,0,0,105
India,New Delhi,New Delhi,2023,32.96849315068493,21.08821917808219,517.1,39.1,101,1,0,102
India,Srinagar,Srinagar,2022,20.2558904109589,8.21041095890411,676.0,29.9,3,2,0,5
India,Srinagar,Srinagar,2023,20.08821917808219,8.204931506849315,661.4,26.4,1,1,0,2
Iran,Ahvaz,Ahvaz,2022,33.96246575342465,21.92876712328767,71.3,51.2,119,0,0,119
Iran,Ahvaz,Ahvaz,2023,34.16876712328767,22.109863013698632,68.1,45.9,119,0,0,119
Iran,Mashhad,Mashhad,2022,23.989863013698628,12.090958904109588,68.7,40.4,11,0,0,11
Iran,Mashhad,Mashhad,2023,23.81616438356164,11.713698630136987,62.2,40.5,14,0,0,14
Iran,Tehran,Tehran,2022,23.127671232876715,11.233424657534247,75.5,45.1,10,0,0,10
Iran,Tehran,Tehran,2023,22.956712328767125,10.669589041095891,115.1,44.2,5,0,0,5
Iran,Zahedan,Zahedan,2022,28.886575342465754,16.94904109589041,36.3,48.0,45,0,0,45
Iran,Zahedan,Zahedan,2023,29.000821917808217,16.985205479452055,38.6,48.4,52,0,0,52
Pakistan,Faisalabad,Faisalabad,2022,32.88876712328767,21.233972602739726,326.2,29.1,137,0,0,137
Pakistan,Faisalabad,Faisalabad,2023,33.20109589041096,21.15150684931507,307.2,28.7,138,0,0,138
Pakistan,Gilgit,Gilgit,2022,24.20657534246575,12.258904109589041,222.2,39.4,38,0,0,38
Pakistan,Gilgit,Gilgit,2023,24.346027397260272,12.377260273972603,273.3,47.3,43,0,0,43
Pakistan,Hyderabad,Hyderabad,2022,35.93972602739726,23.923013698630136,191.4,66.9,167,0,2,169
Pakistan,Hyderabad,Hyderabad,2023,36.10082191780822,24.1813698630137,204.4,59.2,168,0,0,168
Pakistan,Islamabad,Islamabad,2022,27.952876712328766,16.005753424657534,571.7,36.0,89,0,0,89
Pakistan,Islamabad,Islamabad,2023,27.895616438356164,16.026027397260275,546.2,40.7,85,0,0,85
Pakistan,Karachi,Karachi,2022,34.0572602739726,22.061917808219178,188.0,48.7,149,0,0,149
Pakistan,Karachi,Karachi,2023,34.10904109589041,22.033150684931506,302.4,50.5,152,0,0,152
Pakistan,Lahore,Lahore,2022,33.28191780821918,21.331232876712328,458.0,33.0,138,1,0,139
Pakistan,Lahore,Lahore,2023,32.95835616438356,20.87095890410959,419.8,29.3,141,0,0,141
Pakistan,Multan,Multan,2022,35.03260273972602,23.103835616438356,364.0,37.1,162,0,0,162
Pakistan,Multan,Multan,2023,34.97780821917808,22.735616438356164,331.7,37.1,163,0,0,163
Pakistan,Muzaffarabad,Muzaffarabad,2022,26.114246575342467,14.07123287671233,795.6,30.9,60,0,0,60
Pakistan,Muzaffarabad,Muzaffarabad,2023,25.867123287671234,13.957534246575342,748.1,28.7,55,3,0,58
Pakistan,Peshawar,Peshawar,2022,30.904383561643836,19.018630136986303,393.8,35.9,119,0,0,119
Pakistan,Peshawar,Peshawar,2023,30.997534246575345,19.05972602739726,437.09999999999997,42.2,118,1,0,119
Pakistan,Quetta,Quetta,2022,26.224657534246575,14.19068493150685,190.2,47.6,54,0,0,54
Pakistan,Quetta,Quetta,2023,25.82246575342466,13.79917808219178,246.8,45.3,61,0,0,61
Pakistan,Rawalpindi,Rawalpindi,2022,28.85753424657534,16.95671232876712,660.4,34.5,94,0,0,94
Pakistan,Rawalpindi,Rawalpindi,2023,29.266301369863015,17.296712328767125,637.6,36.0,104,2,0,106
Pakistan,Sialkot,Sialkot,2022,30.655890410958904,18.602465753424656,487.1,30.7,118,0,0,118
Pakistan,Sialkot,Sialkot,2023,31.177260273972603,19.140821917808218,552.7,31.9,125,0,0,125
