start_date,end_date,duration_days,city,district,country,lat,lon,event_type
2022-01-26,2022-02-25,31,Ahvaz,Ahvaz,Iran,31.32,48.67,Drought
2022-03-29,2022-05-19,52,Ahvaz,Ahvaz,Iran,31.32,48.67,Drought
2022-09-03,2022-10-04,32,Ahvaz,Ahvaz,Iran,31.32,48.67,Drought
2022-10-14,2022-12-30,78,Ahvaz,Ahvaz,Iran,31.32,48.67,Drought
2023-01-15,2023-02-14,31,Ahvaz,Ahvaz,Iran,31.32,48.67,Drought
2023-03-07,2023-04-15,40,Ahvaz,Ahvaz,Iran,31.32,48.67,Drought
2022-07-09,2022-08-09,32,Herat,Herat,Afghanistan,34.35,62.2,Drought
2023-02-28,2023-04-22,54,Herat,Herat,Afghanistan,34.35,62.2,Drought
2023-10-19,2023-11-28,41,Herat,Herat,Afghanistan,34.35,62.2,Drought
2022-01-01,2023-12-31,730,Hotan,Hotan,China,37.11,79.92,Drought
2022-11-26,2023-01-03,39,Hyderabad,Hyderabad,Pakistan,25.37,68.37,Drought
2023-02-27,2023-04-04,37,Jaipur,Jaipur,India,26.92,75.79,Drought
2023-10-21,2023-11-24,35,Jaipur,Jaipur,India,26.92,75.79,Drought
2022-01-01,2022-02-07,38,Jalalabad,Jalalabad,Afghanistan,34.43,70.45,Drought
2022-03-08,2022-04-10,34,Jalalabad,Jalalabad,Afghanistan,34.43,70.45,Drought
2022-04-12,2022-05-20,39,Jalalabad,Jalalabad,Afghanistan,34.43,70.45,Drought
2022-08-05,2022-10-13,70,Jalalabad,Jalalabad,Afghanistan,34.43,70.45,Drought
2022-10-15,2022-12-20,67,Jalalabad,Jalalabad,Afghanistan,34.43,70.45,Drought
2023-06-17,2023-07-19,33,Jalalabad,Jalalabad,Afghanistan,34.43,70.45,Drought
2023-10-14,2023-11-21,39,Jalalabad,Jalalabad,Afghanistan,34.43,70.45,Drought
2022-01-05,2022-04-03,89,Kandahar,Kandahar,Afghanistan,31.61,65.71,Drought
2022-05-03,2022-06-13,42,Kandahar,Kandahar,Afghanistan,31.61,65.71,Drought
2022-10-20,2022-12-14,56,Kandahar,Kandahar,Afghanistan,31.61,65.71,Drought
2023-03-12,2023-06-11,92,Kandahar,Kandahar,Afghanistan,31.61,65.71,Drought
2023-06-25,2023-08-29,66,Kandahar,Kandahar,Afghanistan,31.61,65.71,Drought
2022-01-01,2022-04-11,101,Kashgar,Kashgar,China,39.47,75.99,Drought
2022-04-13,2022-11-22,224,Kashgar,Kashgar,China,39.47,75.99,Drought
2022-12-04,2023-12-31,393,Kashgar,Kashgar,China,39.47,75.99,Drought
2022-02-20,2022-04-11,51,Mashhad,Mashhad,Iran,36.3,59.6,Drought
2022-04-14,2022-07-01,79,Mashhad,Mashhad,Iran,36.3,59.6,Drought
2022-07-23,2022-09-07,47,Mashhad,Mashhad,Iran,36.3,59.6,Drought
2022-10-24,2022-11-22,30,Mashhad,Mashhad,Iran,36.3,59.6,Drought
2023-01-24,2023-02-28,36,Mashhad,Mashhad,Iran,36.3,59.6,Drought
2023-04-22,2023-05-22,31,Mashhad,Mashhad,Iran,36.3,59.6,Drought
2023-05-24,2023-07-02,40,Mashhad,Mashhad,Iran,36.3,59.6,Drought
2023-08-02,2023-09-19,49,Mashhad,Mashhad,Iran,36.3,59.6,Drought
2023-09-30,2023-11-04,36,Mashhad,Mashhad,Iran,36.3,59.6,Drought
2023-11-07,2023-12-28,52,Mashhad,Mashhad,Iran,36.3,59.6,Drought
2022-03-30,2022-04-29,31,New Delhi,New Delhi,India,28.61,77.21,Drought
2022-06-02,2022-07-15,44,Tehran,Tehran,Iran,35.69,51.42,Drought
2022-09-17,2022-10-23,37,Tehran,Tehran,Iran,35.69,51.42,Drought
2022-10-25,2022-12-11,48,Tehran,Tehran,Iran,35.69,51.42,Drought
2023-04-12,2023-05-14,33,Tehran,Tehran,Iran,35.69,51.42,Drought
2023-09-27,2023-11-04,39,Tehran,Tehran,Iran,35.69,51.42,Drought
2022-02-12,2022-04-01,49,Urumqi,Urumqi,China,43.82,87.62,Drought
2022-06-02,2022-07-04,33,Urumqi,Urumqi,China,43.82,87.62,Drought
2022-12-07,2023-01-21,46,Urumqi,Urumqi,China,43.82,87.62,Drought
2023-03-06,2023-05-05,61,Urumqi,Urumqi,China,43.82,87.62,Drought
2023-05-07,2023-08-15,101,Urumqi,Urumqi,China,43.82,87.62,Drought
2023-11-17,2023-12-22,36,Urumqi,Urumqi,China,43.82,87.62,Drought
2022-01-01,2022-04-02,92,Zahedan,Zahedan,Iran,29.5,60.86,Drought
2022-04-04,2022-07-15,103,Zahedan,Zahedan,Iran,29.5,60.86,Drought
2022-09-03,2022-10-23,51,Zahedan,Zahedan,Iran,29.5,60.86,Drought
2022-11-11,2023-05-27,198,Zahedan,Zahedan,Iran,29.5,60.86,Drought
2023-06-08,2023-10-20,135,Zahedan,Zahedan,Iran,29.5,60.86,Drought
2023-10-22,2023-11-27,37,Zahedan,Zahedan,Iran,29.5,60.86,Drought
